Iteration,trainAccuracy,trainCoverage,trainReward,trainLong%,trainShort%,trainLongAcc,trainShortAcc,trainLongPrec,trainShortPrec,validationAccuracy,validationCoverage,validationReward,validationLong%,validationShort%,validationLongAcc,validationShortAcc,validLongPrec,validShortPrec,testAccuracy,testCoverage,testReward,testLong%,testShort%,testLongAcc,testShortAcc,testLongPrec,testShortPrec
0,0.522488038277512,0.4815668202764977,0.17139341973290934,0.28847926267281104,0.19308755760368665,0.560702875399361,0.46539379474940334,0.29220222793487577,0.19441571871768357,0.42857142857142855,0.04861111111111111,-0.01804652538671636,0.0,0.04861111111111111,0,0.42857142857142855,0.0,0.05084745762711865,0.25,0.027777777777777776,-0.00536915731720057,0.0,0.027777777777777776,0,0.25,0.0,0.01639344262295082
