Iteration,trainAccuracy,trainCoverage,trainReward,trainLong%,trainShort%,trainLongAcc,trainShortAcc,trainLongPrec,trainShortPrec,validationAccuracy,validationCoverage,validationReward,validationLong%,validationShort%,validationLongAcc,validationShortAcc,validLongPrec,validShortPrec,testAccuracy,testCoverage,testReward,testLong%,testShort%,testLongAcc,testShortAcc,testLongPrec,testShortPrec
0,0.47572815533980584,0.7152777777777778,0.014475198392820436,0.059027777777777776,0.65625,0.5294117647058824,0.4708994708994709,0.05660377358490566,0.6935483870967742,0,0.0,0,0.0,0.0,0,0,0.0,0.0,0,0.0,0,0.0,0.0,0,0,0.0,0.0
1,0.6,0.06944444444444445,0.019022178254678692,0.020833333333333332,0.04861111111111111,0.8333333333333334,0.5,0.025157232704402517,0.056451612903225805,0.4,0.1388888888888889,0.015478713563890217,0.0,0.1388888888888889,0,0.4,0.0,0.125,0.3,0.1388888888888889,-0.009466887246605429,0.0,0.1388888888888889,0,0.3,0.0,0.0967741935483871
2,0.684931506849315,0.2534722222222222,0.228971818020643,0.041666666666666664,0.21180555555555555,0.75,0.6721311475409836,0.050314465408805034,0.31451612903225806,0,0.0,0,0.0,0.0,0,0,0.0,0.0,0,0.0,0,0.0,0.0,0,0,0.0,0.0
3,0.5,0.06944444444444445,0.035103040493294144,0.024305555555555556,0.04513888888888889,0.42857142857142855,0.5384615384615384,0.012578616352201259,0.056451612903225805,0,0.0,0,0.0,0.0,0,0,0.0,0.0,0,0.0,0,0.0,0.0,0,0,0.0,0.0
4,0.38461538461538464,0.09027777777777778,-0.050798496652547966,0.03125,0.059027777777777776,0.4444444444444444,0.35294117647058826,0.025157232704402517,0.04838709677419355,0,0.0,0,0.0,0.0,0,0,0.0,0.0,0,0.0,0,0.0,0.0,0,0,0.0,0.0
