Iteration,trainAccuracy,trainCoverage,trainReward,trainLong%,trainShort%,trainLongAcc,trainShortAcc,trainLongPrec,trainShortPrec,validationAccuracy,validationCoverage,validationReward,validationLong%,validationShort%,validationLongAcc,validationShortAcc,validLongPrec,validShortPrec,testAccuracy,testCoverage,testReward,testLong%,testShort%,testLongAcc,testShortAcc,testLongPrec,testShortPrec
0,0.5052484254723583,0.49618055555555557,-0.2911271435068427,0.27743055555555557,0.21875,0.541927409261577,0.4587301587301587,0.2716612377850163,0.21384615384615385,0.4880952380952381,0.5833333333333334,0.0019447888168054352,0.0,0.5833333333333334,0,0.4880952380952381,0.0,0.6610169491525424,0.4787234042553192,0.6527777777777778,-0.02521950271068999,0.0,0.6527777777777778,0,0.4787234042553192,0.0,0.6885245901639344
1,0.5154639175257731,0.47152777777777777,-0.22203324623119403,0.2875,0.1840277777777778,0.5603864734299517,0.44528301886792454,0.29250814332247554,0.17692307692307693,0.6,0.3472222222222222,0.0339310235279555,0.3472222222222222,0.0,0.6,0,0.3375,0.0,0.574468085106383,0.3263888888888889,-0.01324213363283914,0.3263888888888889,0.0,0.574468085106383,0,0.3291139240506329,0.0
2,0.5184866723989682,0.40381944444444445,0.11903114494125222,0.2982638888888889,0.10555555555555556,0.5518044237485448,0.4243421052631579,0.2977198697068404,0.09769230769230769,0.58,0.3472222222222222,0.025091273276559963,0.3472222222222222,0.0,0.58,0,0.35,0.0,0.6176470588235294,0.2361111111111111,0.0367621517524702,0.2361111111111111,0.0,0.6176470588235294,0,0.26582278481012656,0.0
3,0.5256609642301711,0.4465277777777778,0.4537650253241219,0.3020833333333333,0.14444444444444443,0.5747126436781609,0.4230769230769231,0.31921824104234525,0.12846153846153846,0.6521739130434783,0.3194444444444444,0.07744092003260447,0.3194444444444444,0.0,0.6521739130434783,0,0.3625,0.0,0.5714285714285714,0.24305555555555555,0.03134108775147047,0.24305555555555555,0.0,0.5714285714285714,0,0.25316455696202533,0.0
4,0.5537878787878788,0.4583333333333333,1.3686108505233125,0.3013888888888889,0.15694444444444444,0.6002304147465438,0.4646017699115044,0.3283387622149837,0.15384615384615385,0.45,0.5555555555555556,-0.058166979432402524,0.0,0.5555555555555556,0,0.45,0.0,0.5423728813559322,0.46153846153846156,0.8125,-0.036741891307475336,0.0,0.8125,0,0.46153846153846156,0.0,0.8360655737704918
