Iteration,trainAccuracy,trainCoverage,trainReward,trainLong%,trainShort%,trainLongAcc,trainShortAcc,trainLongPrec,trainShortPrec,validationAccuracy,validationCoverage,validationReward,validationLong%,validationShort%,validationLongAcc,validationShortAcc,validLongPrec,validShortPrec,testAccuracy,testCoverage,testReward,testLong%,testShort%,testLongAcc,testShortAcc,testLongPrec,testShortPrec
0,0.48828956706884313,0.4892361111111111,-0.5283295247801882,0.2638888888888889,0.22534722222222223,0.5447368421052632,0.4221879815100154,0.2616279069767442,0.20186335403726707,0.5686274509803921,0.7083333333333334,0.03544940752632114,0.7083333333333334,0.0,0.5686274509803921,0,0.6875,0.0,0.5263157894736842,0.5277777777777778,0.005974293394277106,0.5277777777777778,0.0,0.5263157894736842,0,0.5131578947368421,0.0
1,0.5690312738367659,0.4552083333333333,0.282202315905172,0.31145833333333334,0.14375,0.600891861761427,0.5,0.3339793281653747,0.15527950310559005,0.5725806451612904,0.8611111111111112,0.0010526049229437652,0.8611111111111112,0.0,0.5725806451612904,0,0.85,0.0,0.5204081632653061,0.6805555555555556,0.027854105463360486,0.6805555555555556,0.0,0.5204081632653061,0,0.6578947368421053,0.0
2,0.5668316831683168,0.6149162861491628,0.10849623456380622,0.5220700152207002,0.0928462709284627,0.5801749271137027,0.4918032786885246,0.5279329608938548,0.09574468085106383,0.625,0.2222222222222222,0.010073391018609329,0.2222222222222222,0.0,0.625,0,0.2375,0.0,0.6129032258064516,0.2152777777777778,0.012089088369781509,0.2152777777777778,0.0,0.6129032258064516,0,0.25,0.0
